"sigla","fonte","camada","id_na_fonte","nome_na_fonte","status","professor","observacao"
"CONTAB","Estrategia Regular Fiscal","drive","","(41-42) Contabilidade Geral e Avancada - Gilmar Possati","ok","Gilmar Possati",""
"CONTAB","Estrategia Regular Fiscal","drive","","Contabilidade Geral e Avancada - Cardozo Rosa Sande","ok","Cardozo Rosa Sande",""
"AFO","Estrategia Regular Fiscal","drive","","Administracao Financeira e Orcamentaria","ok","",""
"AUDIT","Estrategia Regular Fiscal","drive","","Auditoria","ok","",""
"CONTPU","Estrategia Regular Fiscal","drive","","Contabilidade Publica","ok","",""
"CUSTOS","Estrategia Regular Fiscal","drive","","Contabilidade de Custos","ok","",""
"DADM","Estrategia Regular Fiscal","drive","","Direito Administrativo","ok","",""
"DCIVIL","Estrategia Regular Fiscal","drive","","Direito Civil - Cadu Carrilho","ok","Cadu Carrilho",""
"DCIVIL","Estrategia Regular Fiscal","drive","","Direito Civil - Paulo Sousa","ok","Paulo Sousa",""
"DCONST","Estrategia Regular Fiscal","drive","","Direito Constitucional","ok","",""
"DEMPRE","Estrategia Regular Fiscal","drive","","Direito Empresarial","ok","",""
"DPENAL","Estrategia Regular Fiscal","drive","","Direito Penal","ok","",""
"DTRIB","Estrategia Regular Fiscal","drive","","Direito Tributario","ok","",""
"ECOFIN","Estrategia Regular Fiscal","drive","","Economia e Financas Publicas","ok","",""
"ESTAT","Estrategia Regular Fiscal","drive","","Estatistica","ok","",""
"TECINF","Estrategia Regular Fiscal","drive","","Informatica","ok","",""
"LTEST","Estrategia Regular Fiscal","drive","","Legislacao Tributaria Estadual","ok","",""
"LTMUN","Estrategia Regular Fiscal","drive","","Legislacao Tributaria Municipal","ok","",""
"PORT","Estrategia Regular Fiscal","drive","","Portugues","ok","",""
"RACLOG","Estrategia Regular Fiscal","drive","","Raciocinio Logico e Matematica","ok","","pasta/curso compartilhado com MATFIN; o corte real sai da base 2 (lendo os PDFs). Vinculo EXPLICITO e pendente de refino, para o material nao ficar invisivel."
"MATFIN","Estrategia Regular Fiscal","drive","","Raciocinio Logico e Matematica","ok","","pasta/curso compartilhado com RACLOG; o corte real sai da base 2 (lendo os PDFs). Vinculo EXPLICITO e pendente de refino, para o material nao ficar invisivel."
"LTEST","Estrategia Regular Fiscal","drive","","Reforma Tributaria","ok","","pasta unica guardando as duas; ver pendencia"
"REFTRI","Estrategia Regular Fiscal","drive","","Reforma Tributaria","ok","","pasta unica guardando as duas; ver pendencia"
"TECINF","Estrategia Regular Fiscal","drive","","Tecnologia da Informacao","ok","",""
"AFO","Estrategia Regular Controle","drive","","AFO, Orçamento Público e LRF","ok","",""
"ADMPUB","Estrategia Regular Controle","drive","","Administração Pública","ok","",""
"TECINF","Estrategia Regular Controle","drive","","Análise de Informações","ok","",""
"AUDIT","Estrategia Regular Controle","drive","","Auditoria Governamental","ok","",""
"CONTAB","Estrategia Regular Controle","drive","","Contabilidade Geral Avançada","ok","",""
"CONTPU","Estrategia Regular Controle","drive","","Contabilidade Pública","ok","",""
"CTREXT","Estrategia Regular Controle","drive","","Controle Externo","ok","",""
"DADM","Estrategia Regular Controle","drive","","Direito Administrativo","ok","",""
"DCONST","Estrategia Regular Controle","drive","","Direito Constitucional","ok","",""
"MATFIN","Estrategia Regular Controle","drive","","Matemática Financeira","ok","",""
"PORT","Estrategia Regular Controle","drive","","Português","ok","",""
"RACLOG","Estrategia Regular Controle","drive","","Raciocínio Lógico e Analítico","ok","",""
"","Estrategia Regular Fiscal","plataforma","143237","Sistema de Questões 1 Ano - Cartão até 12 x","lixo_migracao","",""
"DEMPRE","Estrategia Regular Fiscal","plataforma","220866","Concursos da Área Fiscal - Curso Básico de Direito Empresarial","ok","",""
"DCIVIL","Estrategia Regular Fiscal","plataforma","220869","Concursos da Área Fiscal - Curso Básico de Direito Civil (Prof. Paulo Sousa)","ok","Paulo Sousa",""
"DPENAL","Estrategia Regular Fiscal","plataforma","220871","Concursos da Área Fiscal - Curso Básico de Direito Penal","ok","",""
"PORT","Estrategia Regular Fiscal","plataforma","220874","Concursos da Área Fiscal - Curso Básico de Português","ok","",""
"RACLOG","Estrategia Regular Fiscal","plataforma","220875","Concursos da Área Fiscal - Curso Básico de Raciocínio Lógico e Matemática","ok","","pasta/curso compartilhado com MATFIN; o corte real sai da base 2 (lendo os PDFs). Vinculo EXPLICITO e pendente de refino, para o material nao ficar invisivel."
"MATFIN","Estrategia Regular Fiscal","plataforma","220875","Concursos da Área Fiscal - Curso Básico de Raciocínio Lógico e Matemática","ok","","pasta/curso compartilhado com RACLOG; o corte real sai da base 2 (lendo os PDFs). Vinculo EXPLICITO e pendente de refino, para o material nao ficar invisivel."
"ESTAT","Estrategia Regular Fiscal","plataforma","220877","Concursos da Área Fiscal - Curso Básico de Estatística","ok","",""
"DCONST","Estrategia Regular Fiscal","plataforma","220880","Concursos da Área Fiscal - Curso Básico de Direito Constitucional","ok","",""
"DADM","Estrategia Regular Fiscal","plataforma","220883","Concursos da Área Fiscal - Curso Básico de Direito Administrativo","ok","",""
"DTRIB","Estrategia Regular Fiscal","plataforma","220884","Concursos da Área Fiscal - Curso Básico de Direito Tributário","ok","",""
"AUDIT","Estrategia Regular Fiscal","plataforma","220886","Concursos da Área Fiscal - Curso Básico de Auditoria","ok","",""
"CONTAB","Estrategia Regular Fiscal","plataforma","220887","Concursos da Área Fiscal - Curso Básico de Contabilidade Geral e Avançada (Prof. Gilmar Possati)","ok","Gilmar Possati",""
"LTEST","Estrategia Regular Fiscal","plataforma","220891","Concursos da Área Fiscal (Todos Estados) Curso Básico de Legislação Trib. Estadual","ok","","curso genérico (Todos Estados), não é de ente específico. teoria DUPLICADA: este curso e o 220891 cobrem a mesma Lei Kandir. Mesmo hash_teoria = mesmo Cód Mestre; a base 2 deve ESPERAR isso, não se assustar."
"ECOFIN","Estrategia Regular Fiscal","plataforma","220893","Concursos da Área Fiscal - Curso Básico de Economia e Finanças Públicas","ok","",""
"LTMUN","Estrategia Regular Fiscal","plataforma","220896","Concursos da Área Fiscal - Curso Básico de Legislação Tributária Municipal","ok","","curso genérico, não nomeia município"
"TECINF","Estrategia Regular Controle","plataforma","224352","Concursos de Tribunais de Contas (Nível Superior) Análise de Informações - Curso Regular","ok","",""
"PORT","Estrategia Regular Controle","plataforma","224353","Concursos de Tribunais de Contas (Nível Superior) Português - Curso Regular","ok","",""
"RACLOG","Estrategia Regular Controle","plataforma","224354","Concursos de Tribunais de Contas (Nível Superior) Raciocínio Lógico e Analítico - Curso Regular","ok","",""
"MATFIN","Estrategia Regular Controle","plataforma","224355","Concursos de Tribunais de Contas (Nível Superior) Matemática Financeira - Curso Regular","ok","",""
"DCONST","Estrategia Regular Controle","plataforma","224356","Concursos de Tribunais de Contas (Nível Superior) Direito Constitucional - Curso Regular","ok","",""
"DADM","Estrategia Regular Controle","plataforma","224357","Concursos de Tribunais de Contas (Nível Superior) Direito Administrativo - Curso Regular","ok","",""
"AFO","Estrategia Regular Controle","plataforma","224358","Concursos de Tribunais de Contas (Nível Superior) AFO, Orçamento Público e LRF - Curso Regular","ok","",""
"ADMPUB","Estrategia Regular Controle","plataforma","224359","Concursos de Tribunais de Contas (Nível Superior) Administração Pública - Curso Regular","ok","",""
"AUDIT","Estrategia Regular Controle","plataforma","224360","Concursos de Tribunais de Contas (Nível Superior) Auditoria Governamental - Curso Regular","ok","",""
"CONTAB","Estrategia Regular Controle","plataforma","224361","Concursos de Tribunais de Contas (Nível Superior) Contabilidade Geral Avançada - Curso Regular","ok","",""
"CTREXT","Estrategia Regular Controle","plataforma","224362","Concursos de Tribunais de Contas (Nível Superior) Controle Externo - Curso Regular","ok","",""
"CONTPU","Estrategia Regular Controle","plataforma","224363","Concursos de Tribunais de Contas (Nível Superior) Contabilidade Pública - Curso Regular","ok","",""
"TECINF","Estrategia Regular Fiscal","plataforma","247678","Concursos da Área Fiscal - Curso Completo de Tecnologia da Informação","ok","",""
"TECINF","Estrategia Regular Fiscal","plataforma","247701","Concursos da Área Fiscal - Curso Completo de Informática","ok","",""
"AFO","Estrategia Regular Fiscal","plataforma","263651","Concursos da Área Fiscal - Curso Completo de Administração Financeira e Orçamentária","ok","",""
"CONTPU","Estrategia Regular Fiscal","plataforma","263654","Concursos da Área Fiscal - Curso Completo de Contabilidade Pública","ok","",""
"","Estrategia Regular Fiscal","plataforma","268932","Concursos da Área Fiscal - Curso Básico de Discursiva (Sem Correção)","lixo_migracao","",""
"CONTAB","Estrategia Regular Fiscal","plataforma","331806","Concursos da Área Fiscal - Curso Básico de Contabilidade de Geral e Avançada (Profs. Julio Cardozo, Luciano Rosa e Silvio Sande)","ok","Cardozo Rosa Sande",""
"CUSTOS","Estrategia Regular Fiscal","plataforma","331818","Concursos da Área Fiscal - Curso Básico de Contabilidade de Custos","ok","",""
"DCIVIL","Estrategia Regular Fiscal","plataforma","332611","Concursos da Área Fiscal - Curso Básico de Direito Civil (Prof. Cadu Carrilho)","ok","Cadu Carrilho",""
"REFTRI","Estrategia Regular Fiscal","plataforma","336350","Concursos da Área Fiscal - Legislação Tributária sobre o Consumo (LTC) - Reforma Tributária (EC nº 132/2023 e LC nº 214/2025)","ok","","curso COMPARTILHADO: o conteudo decide o codigo (Elvis, 22/08/2026). Lei Kandir -> LTRIB (parte geral); LC 214/2025 e LC 227/2026 -> REFTRI. A separacao real sai na base 2, lendo os PDFs."
"LTEST","Estrategia Regular Fiscal","plataforma","336350","Concursos da Área Fiscal - Legislação Tributária sobre o Consumo (LTC) - Reforma Tributária (EC nº 132/2023 e LC nº 214/2025)","ok","","teoria DUPLICADA: este curso e o 220891 cobrem a mesma Lei Kandir. Mesmo hash_teoria = mesmo Cód Mestre; a base 2 deve ESPERAR isso, não se assustar."
"REFTRI","Estrategia Regular Fiscal","plataforma","371461","Reforma Tributária - Lei Complementar nº 227/2026 - Curso Regular (Prof. Rafael Rocha)","ok","Rafael Rocha",""
"REFTRI","Estrategia Regular Fiscal","plataforma","389109","Concursos da Área Fiscal - Reforma Tributária (LC nº 227/2026)","ok","",""
"AFO","Bezerra","plataforma","","Administração Financeira e Orçamentária","ok","",""
"","Bezerra","plataforma","","Administração Geral","olho","",""
"ADMPUB","Bezerra","plataforma","","Administração Pública","ok","",""
"AUDIT","Bezerra","plataforma","","Auditoria","ok","",""
"CONTAB","Bezerra","plataforma","","Contabilidade Geral e Avançada","ok","",""
"CONTPU","Bezerra","plataforma","","Contabilidade Pública","ok","",""
"CUSTOS","Bezerra","plataforma","","Contabilidade de Custos","ok","",""
"DADM","Bezerra","plataforma","","Direito Administrativo","ok","",""
"DCIVIL","Bezerra","plataforma","","Direito Civil","ok","",""
"DCONST","Bezerra","plataforma","","Direito Constitucional","ok","",""
"DEMPRE","Bezerra","plataforma","","Direito Empresarial","ok","",""
"DPENAL","Bezerra","plataforma","","Direito Penal","ok","",""
"DTRIB","Bezerra","plataforma","","Direito Tributário","ok","",""
"ECOFIN","Bezerra","plataforma","","Economia e Finanças Públicas","ok","",""
"ESTAT","Bezerra","plataforma","","Estatística","ok","",""
"TECINF","Bezerra","plataforma","","Informática","ok","","o Bezerra tambem separa Informatica de Tecnologia da Informacao"
"LTEST","Bezerra","plataforma","","Legislação Tributária Estadual","ok","",""
"LTMUN","Bezerra","plataforma","","Legislação Tributária Municipal","ok","",""
"MATFIN","Bezerra","plataforma","","Matemática Financeira","ok","",""
"PORT","Bezerra","plataforma","","Português","ok","",""
"","Bezerra","plataforma","","RFB - Administração Financeira","fora_escopo","",""
"","Bezerra","plataforma","","RFB - Comércio Internacional","fora_escopo","",""
"","Bezerra","plataforma","","RFB - Direito Previdenciário","fora_escopo","",""
"","Bezerra","plataforma","","RFB - Inglês","fora_escopo","",""
"","Bezerra","plataforma","","RFB - Legislação Tributária Federal","fora_escopo","",""
"","Bezerra","plataforma","","RFB - Legislação aduaneira","fora_escopo","",""
"RACLOG","Bezerra","plataforma","","Raciocínio Lógico","ok","",""
"REFTRI","Bezerra","plataforma","","Reforma Tributária","ok","",""
"TECINF","Bezerra","plataforma","","Tecnologia da Informação","ok","",""
"","Tec","plataforma","147","Administração de Recursos Materiais","fora_escopo","","o Tec ja separa a familia assim; a estrutura nao e invencao nossa"
"ADMPUB","Tec","plataforma","14","Administração Geral e Pública","ok","","o Tec junta Administracao Geral e Publica numa materia so"
"AFO","Tec","plataforma","69","AFO, Direito Financeiro e Contabilidade Pública","ok","","UMA materia do Tec para DUAS nossas: AFO + Contabilidade Publica + Direito Financeiro"
"CONTPU","Tec","plataforma","69","AFO, Direito Financeiro e Contabilidade Pública","ok","","UMA materia do Tec para DUAS nossas: AFO + Contabilidade Publica + Direito Financeiro"
"","Tec","plataforma","58","Análise das Demonstrações Contábeis","olho","","o Tec ja separa a familia assim; a estrutura nao e invencao nossa"
"","Tec","plataforma","170","Antropologia","fora_escopo","","o Tec ja separa a familia assim; a estrutura nao e invencao nossa"
"","Tec","plataforma","171","Arqueologia","fora_escopo","","o Tec ja separa a familia assim; a estrutura nao e invencao nossa"
"","Tec","plataforma","109","Arquitetura","fora_escopo","","o Tec ja separa a familia assim; a estrutura nao e invencao nossa"
"","Tec","plataforma","16","Arquivologia","fora_escopo","","o Tec ja separa a familia assim; a estrutura nao e invencao nossa"
"","Tec","plataforma","207","Artes e Música","fora_escopo","","o Tec ja separa a familia assim; a estrutura nao e invencao nossa"
"","Tec","plataforma","17","Atualidades e Conhecimentos Gerais","fora_escopo","","o Tec ja separa a familia assim; a estrutura nao e invencao nossa"
"AUDIT","Tec","plataforma","37","Auditoria Governamental e Controle","ok","","UMA materia do Tec para DUAS nossas: Auditoria Governamental + Controle"
"CTREXT","Tec","plataforma","37","Auditoria Governamental e Controle","ok","","UMA materia do Tec para DUAS nossas: Auditoria Governamental + Controle"
"AUDIT","Tec","plataforma","29","Auditoria Privada","ok","","auditoria privada; a nossa AUDIT absorve as duas (A8)"
"","Tec","plataforma","195","Bancos - Atendimento, Vendas, História, etc.","fora_escopo","","o Tec ja separa a familia assim; a estrutura nao e invencao nossa"
"","Tec","plataforma","39","Biblioteconomia","fora_escopo","","o Tec ja separa a familia assim; a estrutura nao e invencao nossa"
"","Tec","plataforma","126","Biologia e Biomedicina","fora_escopo","","o Tec ja separa a familia assim; a estrutura nao e invencao nossa"
"","Tec","plataforma","87","Ciências Atuariais (Atuária)","fora_escopo","","o Tec ja separa a familia assim; a estrutura nao e invencao nossa"
"","Tec","plataforma","103","Ciências Políticas","fora_escopo","","o Tec ja separa a familia assim; a estrutura nao e invencao nossa"
"","Tec","plataforma","80","Ciências Sociais","fora_escopo","","o Tec ja separa a familia assim; a estrutura nao e invencao nossa"
"","Tec","plataforma","77","Comunicação Social","fora_escopo","","o Tec ja separa a familia assim; a estrutura nao e invencao nossa"
"CUSTOS","Tec","plataforma","38","Contabilidade de Custos","ok","","o Tec ja separa a familia assim; a estrutura nao e invencao nossa"
"","Tec","plataforma","90","Contabilidade de Instituições Financeiras e Atuariais","fora_escopo","","o Tec ja separa a familia assim; a estrutura nao e invencao nossa"
"CONTAB","Tec","plataforma","21","Contabilidade Geral","ok","","o Tec ja separa a familia assim; a estrutura nao e invencao nossa"
"","Tec","plataforma","188","Criminalística e Medicina Legal","fora_escopo","","o Tec ja separa a familia assim; a estrutura nao e invencao nossa"
"","Tec","plataforma","220","Criminologia","fora_escopo","","o Tec ja separa a familia assim; a estrutura nao e invencao nossa"
"","Tec","plataforma","184","Defesa Civil","fora_escopo","","o Tec ja separa a familia assim; a estrutura nao e invencao nossa"
"","Tec","plataforma","219","Desenho Técnico e Modelagem da Construção","fora_escopo","","o Tec ja separa a familia assim; a estrutura nao e invencao nossa"
"","Tec","plataforma","127","Design e Artes Gráficas","fora_escopo","","o Tec ja separa a familia assim; a estrutura nao e invencao nossa"
"DADM","Tec","plataforma","1","Direito Administrativo (Doutrina e Leis Federais)","ok","","a materia principal de DADM no Tec"
"","Tec","plataforma","228","Direito Administrativo Estadual e do DF","local","","o Tec ja separa a familia assim; a estrutura nao e invencao nossa"
"","Tec","plataforma","224","Direito Administrativo Municipal","local","","o Tec ja separa a familia assim; a estrutura nao e invencao nossa"
"","Tec","plataforma","93","Direito Agrário","fora_escopo","","o Tec ja separa a familia assim; a estrutura nao e invencao nossa"
"","Tec","plataforma","30","Direito Ambiental","fora_escopo","","o Tec ja separa a familia assim; a estrutura nao e invencao nossa"
"DCIVIL","Tec","plataforma","6","Direito Civil","ok","","o Tec ja separa a familia assim; a estrutura nao e invencao nossa"
"DCONST","Tec","plataforma","2","Direito Constitucional (CF/1988 e Doutrina)","ok","","o Tec ja separa a familia assim; a estrutura nao e invencao nossa"
"","Tec","plataforma","226","Direito Constitucional Estadual e Distrital","local","","o Tec ja separa a familia assim; a estrutura nao e invencao nossa"
"","Tec","plataforma","111","Direito Constitucional Municipal","local","","o Tec ja separa a familia assim; a estrutura nao e invencao nossa"
"","Tec","plataforma","98","Direito Cultural, Desportivo e da Comunicação","fora_escopo","","o Tec ja separa a familia assim; a estrutura nao e invencao nossa"
"","Tec","plataforma","165","Direito da Criança e do Adolescente","fora_escopo","","o Tec ja separa a familia assim; a estrutura nao e invencao nossa"
"","Tec","plataforma","66","Direito Digital","fora_escopo","","o Tec ja separa a familia assim; a estrutura nao e invencao nossa"
"","Tec","plataforma","196","Direito do Consumidor","fora_escopo","","o Tec ja separa a familia assim; a estrutura nao e invencao nossa"
"","Tec","plataforma","10","Direito do Trabalho","fora_escopo","","o Tec ja separa a familia assim; a estrutura nao e invencao nossa"
"","Tec","plataforma","92","Direito Econômico","fora_escopo","","o Tec ja separa a familia assim; a estrutura nao e invencao nossa"
"","Tec","plataforma","173","Direito Educacional","fora_escopo","","o Tec ja separa a familia assim; a estrutura nao e invencao nossa"
"","Tec","plataforma","12","Direito Eleitoral","fora_escopo","","o Tec ja separa a familia assim; a estrutura nao e invencao nossa"
"DEMPRE","Tec","plataforma","28","Direito Empresarial (Comercial)","ok","","o Tec ja separa a familia assim; a estrutura nao e invencao nossa"
"","Tec","plataforma","27","Direito Internacional Público e Privado","fora_escopo","","o Tec ja separa a familia assim; a estrutura nao e invencao nossa"
"","Tec","plataforma","205","Direito Marítimo, Portuário e Aeronáutico","fora_escopo","","o Tec ja separa a familia assim; a estrutura nao e invencao nossa"
"","Tec","plataforma","194","Direito Notarial e Registral","fora_escopo","","o Tec ja separa a familia assim; a estrutura nao e invencao nossa"
"DPENAL","Tec","plataforma","7","Direito Penal","ok","","o Tec ja separa a familia assim; a estrutura nao e invencao nossa"
"","Tec","plataforma","191","Direito Penal Militar","fora_escopo","","o Tec ja separa a familia assim; a estrutura nao e invencao nossa"
"","Tec","plataforma","22","Direito Previdenciário","fora_escopo","","o Tec ja separa a familia assim; a estrutura nao e invencao nossa"
"","Tec","plataforma","213","Direito Processual Civil","fora_escopo","","o Tec ja separa a familia assim; a estrutura nao e invencao nossa"
"","Tec","plataforma","19","Direito Processual do Trabalho","fora_escopo","","o Tec ja separa a familia assim; a estrutura nao e invencao nossa"
"","Tec","plataforma","11","Direito Processual Penal","fora_escopo","","o Tec ja separa a familia assim; a estrutura nao e invencao nossa"
"","Tec","plataforma","192","Direito Processual Penal Militar","fora_escopo","","o Tec ja separa a familia assim; a estrutura nao e invencao nossa"
"","Tec","plataforma","106","Direito Sanitário e Saúde","fora_escopo","","o Tec ja separa a familia assim; a estrutura nao e invencao nossa"
"","Tec","plataforma","183","Direitos Humanos","fora_escopo","","o Tec ja separa a familia assim; a estrutura nao e invencao nossa"
"DTRIB","Tec","plataforma","18","Direito Tributário","ok","","o Tec ja separa a familia assim; a estrutura nao e invencao nossa"
"","Tec","plataforma","174","Direito Urbanístico","fora_escopo","","o Tec ja separa a familia assim; a estrutura nao e invencao nossa"
"ECOFIN","Tec","plataforma","33","Economia e Finanças Públicas","ok","","o Tec ja separa a familia assim; a estrutura nao e invencao nossa"
"","Tec","plataforma","110","Educação Física","fora_escopo","","o Tec ja separa a familia assim; a estrutura nao e invencao nossa"
"","Tec","plataforma","115","Enfermagem","fora_escopo","","o Tec ja separa a familia assim; a estrutura nao e invencao nossa"
"","Tec","plataforma","129","Engenharia Aeronáutica","fora_escopo","","o Tec ja separa a familia assim; a estrutura nao e invencao nossa"
"","Tec","plataforma","94","Engenharia Agronômica e Agrícola","fora_escopo","","o Tec ja separa a familia assim; a estrutura nao e invencao nossa"
"","Tec","plataforma","102","Engenharia Ambiental, Florestal e Sanitária","fora_escopo","","o Tec ja separa a familia assim; a estrutura nao e invencao nossa"
"","Tec","plataforma","144","Engenharia Cartográfica e de Agrimensura","fora_escopo","","o Tec ja separa a familia assim; a estrutura nao e invencao nossa"
"","Tec","plataforma","43","Engenharia Civil e Auditoria de Obras","fora_escopo","","o Tec ja separa a familia assim; a estrutura nao e invencao nossa"
"","Tec","plataforma","202","Engenharia de Produção","fora_escopo","","o Tec ja separa a familia assim; a estrutura nao e invencao nossa"
"","Tec","plataforma","44","Engenharia Elétrica e Eletrônica","fora_escopo","","o Tec ja separa a familia assim; a estrutura nao e invencao nossa"
"","Tec","plataforma","45","Engenharia Mecânica","fora_escopo","","o Tec ja separa a familia assim; a estrutura nao e invencao nossa"
"","Tec","plataforma","206","Engenharia Naval","fora_escopo","","o Tec ja separa a familia assim; a estrutura nao e invencao nossa"
"ESTAT","Tec","plataforma","61","Estatística","ok","","o Tec ja separa a familia assim; a estrutura nao e invencao nossa"
"","Tec","plataforma","193","Ética no Serviço Público","olho","","o Tec ja separa a familia assim; a estrutura nao e invencao nossa"
"","Tec","plataforma","128","Farmácia","fora_escopo","","o Tec ja separa a familia assim; a estrutura nao e invencao nossa"
"","Tec","plataforma","132","Filosofia e Teologia","fora_escopo","","o Tec ja separa a familia assim; a estrutura nao e invencao nossa"
"","Tec","plataforma","121","Finanças e Conhecimentos Bancários","fora_escopo","","o Tec ja separa a familia assim; a estrutura nao e invencao nossa"
"","Tec","plataforma","123","Física","fora_escopo","","o Tec ja separa a familia assim; a estrutura nao e invencao nossa"
"","Tec","plataforma","198","Fisioterapia","fora_escopo","","o Tec ja separa a familia assim; a estrutura nao e invencao nossa"
"","Tec","plataforma","215","Fonoaudiologia","fora_escopo","","o Tec ja separa a familia assim; a estrutura nao e invencao nossa"
"","Tec","plataforma","100","Geografia","fora_escopo","","o Tec ja separa a familia assim; a estrutura nao e invencao nossa"
"","Tec","plataforma","145","Geologia e Engenharia de Minas","fora_escopo","","o Tec ja separa a familia assim; a estrutura nao e invencao nossa"
"","Tec","plataforma","135","Gestão de Projetos (PMBOK)","fora_escopo","","o Tec ja separa a familia assim; a estrutura nao e invencao nossa"
"","Tec","plataforma","99","História","fora_escopo","","o Tec ja separa a familia assim; a estrutura nao e invencao nossa"
"TECINF","Tec","plataforma","4","Informática","ok","","Informatica; o Tec separa do bloco TI -"
"","Tec","plataforma","41","Legislação Aduaneira","fora_escopo","","o Tec ja separa a familia assim; a estrutura nao e invencao nossa"
"","Tec","plataforma","5","Legislação Civil e Processual Civil Especial","fora_escopo","","o Tec ja separa a familia assim; a estrutura nao e invencao nossa"
"","Tec","plataforma","119","Legislação das Casas Legislativas","fora_escopo","","o Tec ja separa a familia assim; a estrutura nao e invencao nossa"
"","Tec","plataforma","104","Legislação de Trânsito e Transportes","fora_escopo","","o Tec ja separa a familia assim; a estrutura nao e invencao nossa"
"","Tec","plataforma","187","Legislação e Ética Profissional","fora_escopo","","o Tec ja separa a familia assim; a estrutura nao e invencao nossa"
"","Tec","plataforma","180","Legislação Específica das Agências Reguladoras","fora_escopo","","o Tec ja separa a familia assim; a estrutura nao e invencao nossa"
"","Tec","plataforma","182","Legislação Específica das Defensorias Públicas","fora_escopo","","o Tec ja separa a familia assim; a estrutura nao e invencao nossa"
"","Tec","plataforma","197","Legislação Específica das Procuradorias (Advocacias Públicas)","fora_escopo","","o Tec ja separa a familia assim; a estrutura nao e invencao nossa"
"","Tec","plataforma","169","Legislação Específica dos Ministérios Públicos","fora_escopo","","o Tec ja separa a familia assim; a estrutura nao e invencao nossa"
"","Tec","plataforma","190","Legislação Específica dos Tribunais Estaduais","fora_escopo","","o Tec ja separa a familia assim; a estrutura nao e invencao nossa"
"","Tec","plataforma","114","Legislação Específica dos Tribunais Federais","fora_escopo","","o Tec ja separa a familia assim; a estrutura nao e invencao nossa"
"","Tec","plataforma","164","Legislação Geral Estadual e do DF","local","","o Tec ja separa a familia assim; a estrutura nao e invencao nossa"
"","Tec","plataforma","177","Legislação Geral Federal","fora_escopo","","o Tec ja separa a familia assim; a estrutura nao e invencao nossa"
"","Tec","plataforma","163","Legislação Geral Municipal","local","","o Tec ja separa a familia assim; a estrutura nao e invencao nossa"
"","Tec","plataforma","209","Legislação Militar","fora_escopo","","o Tec ja separa a familia assim; a estrutura nao e invencao nossa"
"","Tec","plataforma","172","Legislação Penal e Processual Penal Especial","fora_escopo","","o Tec ja separa a familia assim; a estrutura nao e invencao nossa"
"LTEST","Tec","plataforma","57","Legislação Tributária dos Estados e do Distrito Federal","ok","","o Tec ja separa a familia assim; a estrutura nao e invencao nossa"
"LTMUN","Tec","plataforma","117","Legislação Tributária dos Municípios","ok","","o Tec ja separa a familia assim; a estrutura nao e invencao nossa"
"LTFED","Tec","plataforma","210","Legislação Tributária Federal","ok","","o Tec ja separa a familia assim; a estrutura nao e invencao nossa"
"","Tec","plataforma","200","Libras e Inclusão","fora_escopo","","o Tec ja separa a familia assim; a estrutura nao e invencao nossa"
"","Tec","plataforma","36","Língua Espanhola (Espanhol)","fora_escopo","","o Tec ja separa a familia assim; a estrutura nao e invencao nossa"
"","Tec","plataforma","59","Língua Francesa (Francês)","fora_escopo","","o Tec ja separa a familia assim; a estrutura nao e invencao nossa"
"","Tec","plataforma","25","Língua Inglesa (Inglês)","fora_escopo","","o Tec ja separa a familia assim; a estrutura nao e invencao nossa"
"PORT","Tec","plataforma","3","Língua Portuguesa (Português)","ok","","o Tec ja separa a familia assim; a estrutura nao e invencao nossa"
"","Tec","plataforma","113","Línguas Estrangeiras Diversas","fora_escopo","","o Tec ja separa a familia assim; a estrutura nao e invencao nossa"
"","Tec","plataforma","101","Literatura Brasileira e Estrangeira","fora_escopo","","o Tec ja separa a familia assim; a estrutura nao e invencao nossa"
"","Tec","plataforma","62","Matemática","olho","","o Tec ja separa a familia assim; a estrutura nao e invencao nossa"
"MATFIN","Tec","plataforma","20","Matemática Financeira","ok","","o Tec ja separa a familia assim; a estrutura nao e invencao nossa"
"","Tec","plataforma","51","Medicina","fora_escopo","","o Tec ja separa a familia assim; a estrutura nao e invencao nossa"
"","Tec","plataforma","185","Meteorologia e Astronomia","fora_escopo","","o Tec ja separa a familia assim; a estrutura nao e invencao nossa"
"","Tec","plataforma","218","Museologia","fora_escopo","","o Tec ja separa a familia assim; a estrutura nao e invencao nossa"
"","Tec","plataforma","131","Nutrição, Gastronomia e Engenharia de Alimentos","fora_escopo","","o Tec ja separa a familia assim; a estrutura nao e invencao nossa"
"","Tec","plataforma","203","Oceanografia","fora_escopo","","o Tec ja separa a familia assim; a estrutura nao e invencao nossa"
"","Tec","plataforma","48","Odontologia","fora_escopo","","o Tec ja separa a familia assim; a estrutura nao e invencao nossa"
"","Tec","plataforma","74","Organização de Eventos","fora_escopo","","o Tec ja separa a familia assim; a estrutura nao e invencao nossa"
"","Tec","plataforma","79","Pedagogia","fora_escopo","","o Tec ja separa a familia assim; a estrutura nao e invencao nossa"
"","Tec","plataforma","108","Psicologia","fora_escopo","","o Tec ja separa a familia assim; a estrutura nao e invencao nossa"
"","Tec","plataforma","125","Química e Engenharia Química","fora_escopo","","o Tec ja separa a familia assim; a estrutura nao e invencao nossa"
"RACLOG","Tec","plataforma","217","Raciocínio Lógico","ok","","o Tec ja separa a familia assim; a estrutura nao e invencao nossa"
"","Tec","plataforma","211","Radiologia","fora_escopo","","o Tec ja separa a familia assim; a estrutura nao e invencao nossa"
"","Tec","plataforma","26","Redação Oficial","olho","","o Tec ja separa a familia assim; a estrutura nao e invencao nossa"
"","Tec","plataforma","76","Relações Internacionais e Comércio Internacional","fora_escopo","","o Tec ja separa a familia assim; a estrutura nao e invencao nossa"
"","Tec","plataforma","13","Secretariado e Taquigrafia","fora_escopo","","o Tec ja separa a familia assim; a estrutura nao e invencao nossa"
"","Tec","plataforma","78","Segurança e Proteção Contra Incêndios","fora_escopo","","o Tec ja separa a familia assim; a estrutura nao e invencao nossa"
"","Tec","plataforma","65","Segurança e Saúde no Trabalho (SST)","fora_escopo","","o Tec ja separa a familia assim; a estrutura nao e invencao nossa"
"","Tec","plataforma","105","Segurança Privada e Transportes","fora_escopo","","o Tec ja separa a familia assim; a estrutura nao e invencao nossa"
"","Tec","plataforma","223","Segurança Pública e Legislação Policial","fora_escopo","","o Tec ja separa a familia assim; a estrutura nao e invencao nossa"
"","Tec","plataforma","199","Serviços Gerais","fora_escopo","","o Tec ja separa a familia assim; a estrutura nao e invencao nossa"
"","Tec","plataforma","47","Serviço Social","fora_escopo","","o Tec ja separa a familia assim; a estrutura nao e invencao nossa"
"","Tec","plataforma","85","Teoria Geral, Filosofia e Sociologia Jurídica","fora_escopo","","o Tec ja separa a familia assim; a estrutura nao e invencao nossa"
"","Tec","plataforma","124","Terapia Ocupacional","fora_escopo","","o Tec ja separa a familia assim; a estrutura nao e invencao nossa"
"TECINF","Tec","plataforma","141","TI - Banco de Dados","ok","","o Tec fatia TI em 9 materias; todas caem em TECINF"
"TECINF","Tec","plataforma","227","TI - Ciência de Dados e Inteligência Artificial","ok","","o Tec ja separa a familia assim; a estrutura nao e invencao nossa"
"TECINF","Tec","plataforma","139","TI - Desenvolvimento de Sistemas","ok","","o Tec ja separa a familia assim; a estrutura nao e invencao nossa"
"TECINF","Tec","plataforma","138","TI - Engenharia de Software","ok","","o Tec ja separa a familia assim; a estrutura nao e invencao nossa"
"TECINF","Tec","plataforma","136","TI - Gestão e Governança de TI","ok","","o Tec ja separa a familia assim; a estrutura nao e invencao nossa"
"TECINF","Tec","plataforma","142","TI - Organização e Arquitetura dos Computadores","ok","","o Tec ja separa a familia assim; a estrutura nao e invencao nossa"
"TECINF","Tec","plataforma","133","TI - Redes de Computadores","ok","","o Tec ja separa a familia assim; a estrutura nao e invencao nossa"
"TECINF","Tec","plataforma","134","TI - Segurança da Informação","ok","","o Tec ja separa a familia assim; a estrutura nao e invencao nossa"
"TECINF","Tec","plataforma","140","TI - Sistemas Operacionais","ok","","o Tec ja separa a familia assim; a estrutura nao e invencao nossa"
"","Tec","plataforma","212","Turismo","fora_escopo","","o Tec ja separa a familia assim; a estrutura nao e invencao nossa"
"","Tec","plataforma","130","Veterinária e Zootecnia","fora_escopo","","o Tec ja separa a familia assim; a estrutura nao e invencao nossa"
"ADMPUB","Tutory","plataforma","","ADMINISTRAÇÃO E GOVERNANÇA PÚBLICA","ok","",""
"ADMPUB","Tutory","plataforma","","ADMINISTRAÇÃO E GOVERNANÇA PÚBLICA - REVISÃO TEÓRICA","ok","",""
"AFO","Tutory","plataforma","","ADMINISTRAÇÃO FINANCEIRA E ORÇAMENTÁRIA","ok","",""
"AFO","Tutory","plataforma","","Administração Financeira e Orçamentária - Área Fiscal","ok","",""
"AFO","Tutory","plataforma","","ADMINISTRAÇÃO FINANCEIRA E ORÇAMENTÁRIA - REVISÃO TEÓRICA","ok","",""
"AFO","Tutory","plataforma","","Administração Financeira e Orçamentária (Fiscal/ Controle)","ok","",""
"","Tutory","plataforma","","Administração Geral","olho","",""
"","Tutory","plataforma","","Administração Geral (Fiscal/ Controle)","olho","",""
"ADMPUB","Tutory","plataforma","","ADMINISTRAÇÃO PÚBLICA","ok","",""
"ADMPUB","Tutory","plataforma","","ADMINISTRAÇÃO PÚBLICA - REVISÃO TEÓRICA","ok","",""
"ADMPUB","Tutory","plataforma","","Administração Pública (Fiscal/ Controle)","ok","",""
"AFO","Tutory","plataforma","","AFO","ok","",""
"","Tutory","plataforma","","Análise das Demonstrações Contábeis (Fiscal/ Controle)","olho","",""
"TECINF","Tutory","plataforma","","ANÁLISE DE DADOS","ok","",""
"TECINF","Tutory","plataforma","","ANÁLISE DE DADOS - REVISÃO TEÓRICA","ok","",""
"","Tutory","plataforma","","Atos Administrativos - Simulado (Passo Estratégico)","lixo_migracao","",""
"","Tutory","plataforma","","Atos Administrativos (Passo Estratégico)","lixo_migracao","",""
"AUDIT","Tutory","plataforma","","AUDITORIA","ok","",""
"AUDIT","Tutory","plataforma","","Auditoria - Área Fiscal","ok","",""
"AUDIT","Tutory","plataforma","","AUDITORIA - REVISÃO TEÓRICA","ok","",""
"AUDIT","Tutory","plataforma","","Auditoria (Fiscal/ Controle)","ok","",""
"AUDIT","Tutory","plataforma","","AUDITORIA FISCAL DO ICMS E ISS","ok","",""
"AUDIT","Tutory","plataforma","","AUDITORIA FISCAL DO ICMS E ISS - REVISÃO TEÓRICA","ok","",""
"AUDIT","Tutory","plataforma","","AUDITORIA GOVERNAMENTAL","ok","",""
"AUDIT","Tutory","plataforma","","AUDITORIA GOVERNAMENTAL - REVISÃO TEÓRICA","ok","",""
"CONTAB","Tutory","plataforma","","CONTABILIDADE AVANÇADA","ok","",""
"CONTAB","Tutory","plataforma","","CONTABILIDADE AVANÇADA - REVISÃO TEÓRICA","ok","",""
"CUSTOS","Tutory","plataforma","","CONTABILIDADE DE CUSTOS","ok","",""
"CUSTOS","Tutory","plataforma","","CONTABILIDADE DE CUSTOS - REVISÃO TEÓRICA","ok","",""
"CUSTOS","Tutory","plataforma","","Contabilidade de Custos (Fiscal/ Controle)","ok","",""
"CONTPU","Tutory","plataforma","","CONTABILIDADE DO SETOR PÚBLICO - REVISÃO TEÓRICA","ok","",""
"CONTAB","Tutory","plataforma","","CONTABILIDADE GERAL","ok","",""
"CONTAB","Tutory","plataforma","","Contabilidade Geral - Área Fiscal","ok","",""
"CONTAB","Tutory","plataforma","","CONTABILIDADE GERAL - REVISÃO TEÓRICA","ok","",""
"CONTAB","Tutory","plataforma","","Contabilidade Geral e Avançada (Fiscal/ Controle)","ok","",""
"CONTAB","Tutory","plataforma","","CONTABILIDADE GERAL E PÚBLICA","ok","","nome junta duas disciplinas nossas"
"CONTPU","Tutory","plataforma","","CONTABILIDADE GERAL E PÚBLICA","ok","","nome junta duas disciplinas nossas"
"CONTPU","Tutory","plataforma","","CONTABILIDADE PÚBLICA","ok","",""
"CONTPU","Tutory","plataforma","","CONTABILIDADE PÚBLICA - REVISÃO TEÓRICA","ok","",""
"CONTPU","Tutory","plataforma","","Contabilidade Pública (Fiscal/ Controle)","ok","",""
"","Tutory","plataforma","","Control. 1","lixo_migracao","",""
"","Tutory","plataforma","","Control. 3","lixo_migracao","",""
"CTREXT","Tutory","plataforma","","CONTROLE EXTERNO","ok","",""
"CTREXT","Tutory","plataforma","","CONTROLE EXTERNO - REVISÃO TEÓRICA","ok","",""
"CTREXT","Tutory","plataforma","","Controle Externo (Controle)","ok","",""
"","Tutory","plataforma","","Dir. Adm 1","lixo_migracao","",""
"","Tutory","plataforma","","Dir. Adm 2","lixo_migracao","",""
"","Tutory","plataforma","","Dir. Adm 3","lixo_migracao","",""
"","Tutory","plataforma","","Dir. Adm 4","lixo_migracao","",""
"","Tutory","plataforma","","Dir. Adm 5","lixo_migracao","",""
"","Tutory","plataforma","","Dir. Cont 1","lixo_migracao","",""
"","Tutory","plataforma","","Dir. Cont 2","lixo_migracao","",""
"","Tutory","plataforma","","Dir. Cont 3","lixo_migracao","",""
"","Tutory","plataforma","","Dir. Cont 4","lixo_migracao","",""
"","Tutory","plataforma","","Dir. Cont 5","lixo_migracao","",""
"","Tutory","plataforma","","Dir. Trib 1","lixo_migracao","",""
"","Tutory","plataforma","","Dir. Trib 2","lixo_migracao","",""
"","Tutory","plataforma","","Dir. Trib 3","lixo_migracao","",""
"","Tutory","plataforma","","Dir. Trib 4","lixo_migracao","",""
"","Tutory","plataforma","","Dir. Trib 5","lixo_migracao","",""
"DADM","Tutory","plataforma","","Direito Administrativo","ok","",""
"DADM","Tutory","plataforma","","Direito Administrativo - Área Fiscal","ok","",""
"DADM","Tutory","plataforma","","Direito Administrativo - Auditor Fiscal/Controle","ok","",""
"DADM","Tutory","plataforma","","DIREITO ADMINISTRATIVO - REVISÃO TEÓRICA","ok","",""
"DADM","Tutory","plataforma","","Direito Administrativo (Fiscal/ Controle)","ok","",""
"DADM","Tutory","plataforma","","Direito Administrativo (Fiscal/Controle)","ok","",""
"DCIVIL","Tutory","plataforma","","DIREITO CIVIL","ok","",""
"DCIVIL","Tutory","plataforma","","Direito Civil - Área Fiscal","ok","",""
"DCIVIL","Tutory","plataforma","","DIREITO CIVIL - REVISÃO TEÓRICA","ok","",""
"DCIVIL","Tutory","plataforma","","Direito Civil (Fiscal/ Controle)","ok","",""
"DCIVIL","Tutory","plataforma","","Direito Civil e Empresarial","ok","","nome junta duas disciplinas nossas"
"DEMPRE","Tutory","plataforma","","Direito Civil e Empresarial","ok","","nome junta duas disciplinas nossas"
"DCIVIL","Tutory","plataforma","","DIREITO CIVIL, EMPRESARIA E PENAL","ok","","nome junta tres disciplinas nossas"
"DEMPRE","Tutory","plataforma","","DIREITO CIVIL, EMPRESARIA E PENAL","ok","","nome junta tres disciplinas nossas"
"DPENAL","Tutory","plataforma","","DIREITO CIVIL, EMPRESARIA E PENAL","ok","","nome junta tres disciplinas nossas"
"DCONST","Tutory","plataforma","","Direito Constitucional","ok","",""
"DCONST","Tutory","plataforma","","Direito Constitucional - Área Fiscal","ok","",""
"DCONST","Tutory","plataforma","","DIREITO CONSTITUCIONAL - REVISÃO TEÓRICA","ok","",""
"DCONST","Tutory","plataforma","","Direito Constitucional (Fiscal/ Controle)","ok","",""
"DCONST","Tutory","plataforma","","DIREITO CONSTITUCIONAL E ADMINISTRATIVO","ok","","nome junta duas disciplinas nossas"
"DADM","Tutory","plataforma","","DIREITO CONSTITUCIONAL E ADMINISTRATIVO","ok","","nome junta duas disciplinas nossas"
"DEMPRE","Tutory","plataforma","","DIREITO EMPRESARIAL","ok","",""
"DEMPRE","Tutory","plataforma","","Direito Empresarial - Área Fiscal","ok","",""
"DEMPRE","Tutory","plataforma","","DIREITO EMPRESARIAL - REVISÃO TEÓRICA","ok","",""
"DEMPRE","Tutory","plataforma","","Direito Empresarial (Fiscal/ Controle)","ok","",""
"AFO","Tutory","plataforma","","DIREITO FINANCEIRO (AFO)","ok","",""
"AFO","Tutory","plataforma","","DIREITO FINANCEIRO (AFO) - REVISÃO TEÓRICA","ok","",""
"DPENAL","Tutory","plataforma","","DIREITO PENAL","ok","",""
"DPENAL","Tutory","plataforma","","Direito Penal - Área Fiscal","ok","",""
"DPENAL","Tutory","plataforma","","DIREITO PENAL - REVISÃO TEÓRICA","ok","",""
"DPENAL","Tutory","plataforma","","Direito Penal (Fiscal/ Controle)","ok","",""
"","Tutory","plataforma","","DIREITO PROCESSUAL CIVIL","fora_escopo","",""
"","Tutory","plataforma","","DIREITO PROCESSUAL CIVIL - REVISÃO TEÓRICA","fora_escopo","",""
"","Tutory","plataforma","","Direito Processual Civil (Fiscal/ Controle)","fora_escopo","",""
"DTRIB","Tutory","plataforma","","Direito Tribubário (Fiscal)","ok","",""
"DTRIB","Tutory","plataforma","","Direito Tribubário (Fiscal/ Controle)","ok","",""
"DTRIB","Tutory","plataforma","","Direito Tributário","ok","",""
"DTRIB","Tutory","plataforma","","Direito Tributário - Área Fiscal","ok","",""
"DTRIB","Tutory","plataforma","","DIREITO TRIBUTÁRIO - REVISÃO TEÓRICA","ok","",""
"DTRIB","Tutory","plataforma","","Direito Tributário (Fiscal)","ok","",""
"ECOFIN","Tutory","plataforma","","ECONOMIA","ok","",""
"ECOFIN","Tutory","plataforma","","ECONOMIA - REVISÃO TEÓRICA","ok","",""
"ECOFIN","Tutory","plataforma","","Economia (Fiscal/ Controle)","ok","",""
"","Tutory","plataforma","","Economia Regional do Pará (Fiscal)","local","",""
"ESTAT","Tutory","plataforma","","Estatística","ok","",""
"ESTAT","Tutory","plataforma","","Estatística - Área Fiscal","ok","",""
"ESTAT","Tutory","plataforma","","Estatística (Fiscal/ Controle)","ok","",""
"ECOFIN","Tutory","plataforma","","FINANÇAS PÚBLICAS","ok","",""
"ECOFIN","Tutory","plataforma","","FINANÇAS PÚBLICAS - REVISÃO TEÓRICA","ok","",""
"TECINF","Tutory","plataforma","","FLUÊNCIA DE DADOS","ok","",""
"TECINF","Tutory","plataforma","","FLUÊNCIA DE DADOS - REVISÃO TEÓRICA","ok","",""
"","Tutory","plataforma","","Gestão de Contratos (Fiscal/ Controle)","olho","",""
"PORT","Tutory","plataforma","","Gramática","ok","",""
"","Tutory","plataforma","","História de Campina Grande/PB","local","",""
"","Tutory","plataforma","","História e Aspectos Geoeconômicos do Rio Grande do Norte (Fiscal/ Controle)","local","",""
"TECINF","Tutory","plataforma","","Informática - Área Fiscal","ok","",""
"","Tutory","plataforma","","Inglês","fora_escopo","",""
"","Tutory","plataforma","","Inglês (Fiscal/ Controle)","fora_escopo","",""
"","Tutory","plataforma","","Legislação e Ética no Serviço Público","olho","",""
"","Tutory","plataforma","","Legislação Tribuntária Federal","local","",""
"","Tutory","plataforma","","Legislação Tribuntária Municipal","local","",""
"LTEST","Tutory","plataforma","","LEGISLAÇÃO TRIBUTÁRIA","ok","",""
"LTEST","Tutory","plataforma","","LEGISLAÇÃO TRIBUTÁRIA - REVISÃO TEÓRICA","ok","",""
"LTEST","Tutory","plataforma","","Legislação Tributária (Fiscal)","ok","",""
"","Tutory","plataforma","","Legislação Tributária do Estado de São Paulo (Fiscal)","local","",""
"","Tutory","plataforma","","Legislação Tributária do Estado do Ceará (Fiscal/ Controle)","local","",""
"","Tutory","plataforma","","Legislação Tributária do Estado do Pará (Fiscal/ Controle)","local","",""
"","Tutory","plataforma","","Legislação Tributária Estadual do Goiás (Fiscal/ Controle)","local","",""
"","Tutory","plataforma","","Legislação Tributária Estadual do Rio Grande do Norte (Fiscal/ Controle)","local","",""
"","Tutory","plataforma","","Legislação Tributária Municipal de Manaus (Fiscal)","local","",""
"","Tutory","plataforma","","Lei Orgância e Regimento Interno do TCDF (Fiscal/ Controle)","local","",""
"","Tutory","plataforma","","Lei Orgânica do Distrito Federal (Fiscal/ Controle)","local","",""
"","Tutory","plataforma","","LEI ORGÂNICA DO TCDF E REGIMENTO INTERNO","local","",""
"PORT","Tutory","plataforma","","LÍNGUA PORTUGUESA","ok","",""
"PORT","Tutory","plataforma","","LÍNGUA PORTUGUESA - REVISÃO TEÓRICA","ok","",""
"MATFIN","Tutory","plataforma","","MATEMÁTICA FINANCEIRA","ok","",""
"MATFIN","Tutory","plataforma","","Matemática Financeira - Área Fiscal","ok","",""
"MATFIN","Tutory","plataforma","","MATEMÁTICA FINANCEIRA - REVISÃO TEÓRICA","ok","",""
"MATFIN","Tutory","plataforma","","Matemática Financeira (Fiscal/ Controle)","ok","",""
"MATFIN","Tutory","plataforma","","MATEMÁTICA FINANCEIRA E ESTATÍSTICA","ok","","nome junta duas disciplinas nossas"
"ESTAT","Tutory","plataforma","","MATEMÁTICA FINANCEIRA E ESTATÍSTICA","ok","","nome junta duas disciplinas nossas"
"MATFIN","Tutory","plataforma","","MATEMÁTICA FINANCEIRA/ RACIOCÍNIO LÓGICO/ ESTATÍSTICA","ok","","nome junta tres disciplinas nossas"
"RACLOG","Tutory","plataforma","","MATEMÁTICA FINANCEIRA/ RACIOCÍNIO LÓGICO/ ESTATÍSTICA","ok","","nome junta tres disciplinas nossas"
"ESTAT","Tutory","plataforma","","MATEMÁTICA FINANCEIRA/ RACIOCÍNIO LÓGICO/ ESTATÍSTICA","ok","","nome junta tres disciplinas nossas"
"MATFIN","Tutory","plataforma","","MATEMÁTICA FINANCEIRA/ RACIOCÍNIO LÓGICO/ ESTATÍSTICA - REVISÃO TEÓRICA","ok","","nome junta tres disciplinas nossas"
"RACLOG","Tutory","plataforma","","MATEMÁTICA FINANCEIRA/ RACIOCÍNIO LÓGICO/ ESTATÍSTICA - REVISÃO TEÓRICA","ok","","nome junta tres disciplinas nossas"
"ESTAT","Tutory","plataforma","","MATEMÁTICA FINANCEIRA/ RACIOCÍNIO LÓGICO/ ESTATÍSTICA - REVISÃO TEÓRICA","ok","","nome junta tres disciplinas nossas"
"TECINF","Tutory","plataforma","","Noções de Informática","ok","",""
"","Tutory","plataforma","","Nova","lixo_migracao","",""
"","Tutory","plataforma","","Organização Administrativa - Simulado (Passo Estratégico)","lixo_migracao","",""
"","Tutory","plataforma","","Organização Administrativa (Passo Estratégico)","lixo_migracao","",""
"","Tutory","plataforma","","Organização Administrativa (Questões CEBRASPE)","lixo_migracao","",""
"","Tutory","plataforma","","Organização Administrativa (Questões FCC)","lixo_migracao","",""
"","Tutory","plataforma","","Organização Administrativa (Questões FGV)","lixo_migracao","",""
"","Tutory","plataforma","","Organização Administrativa (Questões VUNESP)","lixo_migracao","",""
"","Tutory","plataforma","","Poderes e Deveres da Administração - Simulado (Passo Estratégico)","lixo_migracao","",""
"","Tutory","plataforma","","Poderes e Deveres da Administração (Passo Estratégico)","lixo_migracao","",""
"PORT","Tutory","plataforma","","Portugues","ok","",""
"PORT","Tutory","plataforma","","Português","ok","",""
"PORT","Tutory","plataforma","","Português - Área Fiscal","ok","",""
"","Tutory","plataforma","","Português - Boas-vindas","lixo_migracao","",""
"PORT","Tutory","plataforma","","Português (Fiscal/ Controle)","ok","",""
"","Tutory","plataforma","","Princípios da Adm","lixo_migracao","",""
"","Tutory","plataforma","","Raciocínio Lógico e Matemática - Boas-vindas","lixo_migracao","",""
"RACLOG","Tutory","plataforma","","Raciocínio Lógico-Matemático (Fiscal/ Controle)","ok","",""
"RACLOG","Tutory","plataforma","","Raciocíno Lógico Matemática - Área Fiscal","ok","",""
"","Tutory","plataforma","","Realidade ética, social, histórica, geográfica, cultural, política e econômica de Goiás (Fiscal)","local","",""
"","Tutory","plataforma","","Redação Discursiva - Boas-vindas","lixo_migracao","",""
"LTEST","Tutory","plataforma","","Reforma Tributária e Lei Kandir (Fiscal)","ok","","o nome junta as duas; a Kandir e LTRIB (Elvis 22/08/2026)"
"REFTRI","Tutory","plataforma","","Reforma Tributária e Lei Kandir (Fiscal)","ok","","o nome junta as duas; a Kandir e LTRIB (Elvis 22/08/2026)"
"","Tutory","plataforma","","Regime Jurídico dos Servidores Públicos Civis do DF (Fiscal/ Controle)","local","",""
"","Tutory","plataforma","","Revisão 1","lixo_migracao","",""
"","Tutory","plataforma","","Revisão 2","lixo_migracao","",""
"","Tutory","plataforma","","Simulado","lixo_migracao","",""
"","Tutory","plataforma","","Simulado 1","lixo_migracao","",""
"","Tutory","plataforma","","Simulado 2","lixo_migracao","",""
"TECINF","Tutory","plataforma","","TECNOLOGIA DA INFORMAÇÃO","ok","",""
"TECINF","Tutory","plataforma","","TECNOLOGIA DA INFORMAÇÃO - REVISÃO TEÓRICA","ok","",""
"TECINF","Tutory","plataforma","","Tecnologia da Informação (Fiscal/ Controle)","ok","",""
